-- Support for Donation quests

UPDATE quest_template SET RewRepFaction1=76 WHERE entry=7832;
UPDATE creature_template SET npcflag=npcflag|1|2 WHERE entry IN (14723,14724,14725,14728,14729,14726,20612,20604,14722,14727);
UPDATE creature_template SET gossip_menu_id=entry WHERE entry IN (14729,14726,20612,20604,14722,14727);

DELETE FROM gossip_menu WHERE entry IN (14729,14726,20612,20604,14722,14727);
INSERT INTO gossip_menu (entry,text_id) VALUES
(14729,7189),	-- Undercity
(14726,7188),	-- Orgrimmar
(20612,10079),	-- Silvermoon
(20604,10072),	-- Exodar
(14722,7196),	-- Stormwind
(14727,7186);	-- Darkspear Trolls

DELETE FROM gossip_menu_option WHERE menu_id IN (6044,6042,6043,6037,14729,14726,20612,20604,14722,14727);
INSERT INTO gossip_menu_option VALUES
(6044,0,0,'GOSSIP_OPTION_QUESTGIVER',2,2,0,0,0,0,0,NULL,0,0,0,0,0,0,0,0,0),
(6042,0,0,'GOSSIP_OPTION_QUESTGIVER',2,2,0,0,0,0,0,NULL,0,0,0,0,0,0,0,0,0),
(6043,0,0,'GOSSIP_OPTION_QUESTGIVER',2,2,0,0,0,0,0,NULL,0,0,0,0,0,0,0,0,0),
(6037,0,0,'GOSSIP_OPTION_QUESTGIVER',2,2,0,0,0,0,0,NULL,0,0,0,0,0,0,0,0,0),
(14729,0,0,'GOSSIP_OPTION_QUESTGIVER',2,2,0,0,0,0,0,NULL,0,0,0,0,0,0,0,0,0),
(14726,0,0,'GOSSIP_OPTION_QUESTGIVER',2,2,0,0,0,0,0,NULL,0,0,0,0,0,0,0,0,0),
(20612,0,0,'GOSSIP_OPTION_QUESTGIVER',2,2,0,0,0,0,0,NULL,0,0,0,0,0,0,0,0,0),
(20604,0,0,'GOSSIP_OPTION_QUESTGIVER',2,2,0,0,0,0,0,NULL,0,0,0,0,0,0,0,0,0),
(14722,0,0,'GOSSIP_OPTION_QUESTGIVER',2,2,0,0,0,0,0,NULL,0,0,0,0,0,0,0,0,0),
(14727,0,0,'GOSSIP_OPTION_QUESTGIVER',2,2,0,0,0,0,0,NULL,0,0,0,0,0,0,0,0,0);

-- Orgrimmar
DELETE FROM creature_involvedrelation WHERE id=14726;
INSERT INTO creature_involvedrelation VALUES
(14726,7831),
(14726,7824),
(14726,7827),
(14726,7826),
(14726,7832);
DELETE FROM creature_questrelation WHERE id=14726;
INSERT INTO creature_questrelation VALUES
(14726,7831),
(14726,7824),
(14726,7827),
(14726,7826),
(14726,7832);

-- Darkspear Trolls
DELETE FROM creature_involvedrelation WHERE id=14727;
INSERT INTO creature_involvedrelation VALUES
(14727,7835),
(14727,7836),
(14727,7834),
(14727,7833),
(14727,7837);
DELETE FROM creature_questrelation WHERE id=14727;
INSERT INTO creature_questrelation VALUES
(14727,7835),
(14727,7836),
(14727,7834),
(14727,7833),
(14727,7837);
