-- -- MaNGOS DB

-- Mekthorg the Wild
UPDATE creature_template SET
equipment_id = 18677,
mechanic_immune_mask = mechanic_immune_mask|80428891,
AIName = 'EventAI'
WHERE entry = 18677;

-- Vorakem Doomspeaker
UPDATE creature_template SET
equipment_id = 18679,
mechanic_immune_mask = mechanic_immune_mask|80428891,
AIName = 'EventAI'
WHERE entry = 18679;

-- Fulgorge
UPDATE creature_template SET
resistance3 = 100,
mindmg = 800,
maxdmg = 1500,
mechanic_immune_mask = mechanic_immune_mask|80428891,
AIName = 'EventAI'
WHERE entry = 18678;

-- Bro'Gaz the Clanless
UPDATE creature_template SET
mechanic_immune_mask = mechanic_immune_mask|80428891,
AIName = 'EventAI'
WHERE entry = 18684;

-- Voidhunter Yar
UPDATE creature_template SET
mechanic_immune_mask = mechanic_immune_mask|80428891,
AIName = 'EventAI'
WHERE entry = 18683;

-- Goretooth
UPDATE creature_template SET
mechanic_immune_mask = mechanic_immune_mask|80428891,
AIName = 'EventAI'
WHERE entry = 17144;

-- Speaker Mar'grom
UPDATE creature_template SET
mechanic_immune_mask = mechanic_immune_mask|80428891,
AIName = 'EventAI'
WHERE entry = 18693;

-- Hemathion
UPDATE creature_template SET
AIName = 'EventAI',
mechanic_immune_mask = mechanic_immune_mask|80428891
WHERE entry = 18692;

-- Ambassador Jerrikar
UPDATE creature_template SET
faction_A = 1786 ,
faction_H = 1786 ,
AIName = 'EventAI'
WHERE entry = 18695;

-- Chief Engineer Lorthander
UPDATE creature_template SET
faction_A = 1701 ,
faction_H = 1701 ,
AIName = 'EventAI'
WHERE entry = 18697;

-- Ever-Core the Punisher
UPDATE creature_template SET
AIName = 'EventAI'
WHERE entry = 18698;

-- Hemathion -- Hovering
DELETE FROM creature_template_addon WHERE entry = 18692;
INSERT INTO creature_template_addon  (entry, moveflags) VALUES
(18692, 1073741824);


DELETE FROM creature_equip_template WHERE entry IN (18677, 18679);
INSERT INTO creature_equip_template VALUES
-- Mekthorg the Wild
(18677, 24044, 0, 0),
-- Vorakem Doomspeaker
(18679, 28573, 28573, 0);


DELETE FROM creature_ai_scripts WHERE creature_id IN (18677, 18679, 18678, 18684, 18683, 17144, 18693, 18692, 18695, 18697, 18698);
INSERT INTO creature_ai_scripts VALUES
(1867701,18677,2,0,100,0, 30,25,0,0 ,11,8599,0,1, 0,0,0,0, 0,0,0,0,'Mekthorg the Wild - Enrage na 25% HP'),
(1867702,18677,2,0,100,1, 25,0,15000,15000 ,11,37704,0,1, 0,0,0,0, 0,0,0,0,'Mekthorg the Wild - Whrilwind 25% HP'),
(1867703,18677,0,0,100,1, 0,0,60000,60000 ,11,38875,1,0, 0,0,0,0, 0,0,0,0,'Mekthorg the Wild - Pike Vault'),

(1867901,18679,2,0,100,0, 25,20,0,0 ,11,8599,0,1, 0,0,0,0, 0,0,0,0,'Vorakem Doomspeaker - Enrage na 25% HP'),
(1867902,18679,0,0,100,1, 1000,1000,15000,15000 ,11,30989,1,0, 0,0,0,0, 0,0,0,0,'Vorakem Doomspeaker - Hamstring'),

(1867801,18678,1,0,100,1, 0,0,10000,10000 ,11,37550,0,1, 0,0,0,0, 0,0,0,0,'Fulgorge - Submerge'),
(1867802,18678,0,0,100,1, 500,500,25000,25000 ,28,0,37550,0, 0,0,0,0, 0,0,0,0,'Fulgorge - Submerge - remove'),
(1867803,18678,0,0,100,0, 19000,19000,10000,10000 ,11,32330,1,1, 0,0,0,0, 0,0,0,0,'Fulgorge - Poison Spit'),

(1868401,18684,0,0,100,1, 500,500,10000,10000 ,11,20794,1,0, 0,0,0,0, 0,0,0,0,'BroGaz the Clanless - Flamestrike'),
(1868402,18684,2,0,100,1, 20,0,10000,10000 ,11,15586,0,1, 0,0,0,0, 0,0,0,0,'BroGaz the Clanless - Heal'),
(1868403,18684,13,0,100,1, 10000,15000,0,0 ,11,38313,1,0, 0,0,0,0, 0,0,0,0,'BroGaz the Clanless - Pumel at TargetCasting'),

(1868301,18683,8,2,100,0, 0,4,0,0 ,11,34333,0,0, 23,1,0,0, 0,0,0,0,'Voidhunter Yar - Reduce Fire DMG'),
(1868302,18683,8,2,100,0, 0,8,0,0 ,11,34335,0,0, 23,1,0,0, 0,0,0,0,'Voidhunter Yar - Reduce Nature DMG'),
(1868303,18683,8,2,100,0, 0,16,0,0 ,11,34334,0,0, 23,1,0,0, 0,0,0,0,'Voidhunter Yar - Reduce Frost DMG'),
(1868304,18683,8,2,100,0, 0,32,0,0 ,11,34338,0,0, 23,1,0,0, 0,0,0,0,'Voidhunter Yar - Reduce Shadow DMG'),
(1868305,18683,0,1,100,1, 500,500,17500,17500, 11,38204,1,0, 20,0,0,0, 0,0,0,0,'Voidhunter Yar - Arcane Bolt'),
(1868306,18683,0,1,100,1, 4000,4000,17500,17500, 11,14034,1,0, 20,0,0,0, 0,0,0,0,'Voidhunter Yar - Fireball'),
(1868307,18683,0,1,100,1, 7500,7500,17500,17500, 11,15498,1,0, 20,0,0,0, 0,0,0,0,'Voidhunter Yar - Smite'),
(1868308,18683,0,1,100,1, 11000,11000,17500,17500, 11,12167,1,0, 20,0,0,0, 0,0,0,0,'Voidhunter Yar - Lightning Bolt'),
(1868309,18683,0,1,100,1, 14500,14500,17500,17500, 11,12471,1,0, 20,0,0,0, 0,0,0,0,'Voidhunter Yar - Shadow Bolt'),
(1868310,18683,4,0,100,0, 0,0,0,0, 1,-99984,-99984,-99984, 0,0,0,0, 0,0,0,0,'Voidhunter Yar - agroo yell'),
(1868311,18683,5,0,100,0, 0,0,0,0, 1,-99983,-99983,-99983, 0,0,0,0, 0,0,0,0,'Voidhunter Yar - player death yell'),

(1714401,17144,0,0,100,1, 500,500,30000,30000 ,11,39215,1,0, 0,0,0,0, 0,0,0,0,'Goretooth - Gushing Wound'),
(1714402,17144,0,0,100,1, 10000,20000,10000,30000 ,11,3604,1,0, 0,0,0,0, 0,0,0,0,'Goretooth - Tendon Rip'),
(1714403,17144,0,0,100,1, 2000,2000,1500,2000 ,11,38887,1,0, 20,0,0,0, 0,0,0,0,'Goretooth - Blood Leech'),

(1869301,18693,1,0,100,1, 10000,10000,60000,60000 ,1,-99982,-99982,-99982, 0,0,0,0, 0,0,0,0,'Goretooth - OOC speach'),
(1869302,18693,4,0,100,0, 0,0,0,0 ,11,37844,0,1, 0,0,0,0, 0,0,0,0,'Speaker Margrom - Fire Ward'),
(1869303,18693,0,0,100,1, 500,500,10500,10500 ,11,12466,1,0, 0,0,0,0, 0,0,0,0,'Speaker Margrom - Fireball'),
(1869304,18693,0,0,100,1, 4000,4000,10500,10500 ,11,15497,1,0, 0,0,0,0, 0,0,0,0,'Speaker Margrom - Frostbolt'),
(1869305,18693,0,0,100,1, 7500,7500,10500,10500 ,11,15241,1,0, 0,0,0,0, 0,0,0,0,'Speaker Margrom - Scorch'),

(1869201,18692,1,0,100,0, 0,0,0,0 ,11,34305,0,1, 0,0,0,0, 0,0,0,0,'Hemathion - Immune Fire at LoS'),
(1869202,18692,0,0,100,1, 10000,30000,10000,60000 ,11,14100,0,0, 0,0,0,0, 0,0,0,0,'Hemathion - Fear'),
(1869203,18692,0,0,100,1, 500,500,5000,5000 ,11,9573,1,0, 0,0,0,0, 0,0,0,0,'Hemathion - Flame Breath '),

(1869501,18695,0,0,100,1, 1000,1000,2500,2500 ,11,38926,1,0, 0,0,0,0, 0,0,0,0,'Ambassador Jerrikar - Dark Strike'),
(1869502,18695,0,0,100,1, 10000,10000,25000,30000 ,11,38916,0,1, 0,0,0,0, 0,0,0,0,'Ambassador Jerrikar - Diplomatic Immunity'),
(1869503,18695,13,0,100,1, 10000,15000,0,0 ,11,38913,1,0, 0,0,0,0, 0,0,0,0,'Ambassador Jerrikar - Silence'),

(1869701,18697,9,0,100,0, 5,30,10000,10000 ,11,36843,1,0, 0,0,0,0, 0,0,0,0,'Chief Engineer Lorthander - Slow'),
(1869702,18697,0,0,100,1, 2500,2500,1700,1700 ,11,38204,1,0, 20,0,0,0, 0,0,0,0,'Chief Engineer Lorthander - Arcane Bolt'),
(1869703,18697,9,0,100,1, 5,30,10000,10000 ,11,38898,0,1, 0,0,0,0, 0,0,0,0,'Chief Engineer Lorthander - Arcane Unlocking');

DELETE FROM creature_ai_texts WHERE entry IN (-99984,-99983,-99982);
INSERT INTO creature_ai_texts (entry, content_default, type, sound, comment) VALUES
(-99984, "I shall send your soul into the infinite void!",1,0,18683),
(-99983, "In the void, no one can hear you scream!",1,0,18683),
(-99982, "Will we never learn to work together? Or will we simply kill each other off and be forgotten in time?",0,0,18693);


-- do porownania z spawnami z drugiego pliku
DELETE FROM creature WHERE id IN (18678, 18677, 18679, 18682, 18681, 18680, 18689, 18686, 18685, 18684, 17144, 18683, 18692, 18690, 18693, 18697, 20932, 18695, 18694, 18696);
INSERT INTO creature VALUES
-- Goretooth
('1049999','17144','530','1','1','0','0','-1987.19','8613.67','-22.9386','1.22445','10000','0','0','11828','0','0','0'),
('1049998','17144','530','1','1','0','0','-2778.8','6160.77','3.3543','0.127671','10000','0','0','11828','0','0','0'),
('1049997','17144','530','1','1','0','0','-1605.15','8133.84','-102.192','4.69357','10000','0','0','11828','0','0','0'),
('1049996','17144','530','1','1','0','0','-1199.49','6912.18','19.4075','1.02104','10000','0','0','11828','0','0','0'),
-- Mekthorg the Wild
('1049995','18677','530','1','1','0','0','-242.042','2994.1','-66.2185','3.18985','10000','0','0','10316','0','0','0'),
('1049994','18677','530','1','1','0','0','-1104.22','2117.54','66.7945','4.93109','10000','0','0','10316','0','0','0'),
-- Fulgorge
('1049993','18678','530','1','1','0','0','71.1324','4171.19','67.2247','2.15277','10000','0','0','10985','0','0','0'),
('1049992','18678','530','1','1','0','0','-924.006','2533.79','4.94804','3.4349','10000','0','0','10985','0','0','0'),
-- Vorakem Doomspeaker <Herald of Doom Lord Kazzak>
('1049991','18679','530','1','1','0','0','505.127','3513.3','67.6405','2.98139','10000','0','0','8548','2568','0','0'),
('1049990','18679','530','1','1','0','0','-175.962','1522.64','28.5832','5.9072','10000','0','0','8548','2568','0','0'),
('1049989','18679','530','1','1','0','0','406.968','2540.94','150.176','0.451187','10000','0','0','8548','2568','0','0'),
-- Marticar
('0066945','18680','530','1','1','0','0','909.798','6974.82','20.7275','4.35157','10000','0','0','11205','0','0','0'),
('1049987','18680','530','1','1','0','0','753.335','8586.55','17.3749','0.188011','10000','0','0','11205','0','0','0'),
('1049986','18680','530','1','1','0','0','183.734','5533.53','18.3595','0.419913','10000','0','0','11205','0','0','0'),
-- Coilfang Emissary
('10994','18681','530','1','1','0','0','356.366','8154.59','23.4664','5.86458','10000','0','0','8844','10480','0','0'),
('1049985','18681','530','1','1','0','0','-338.867','6182.33','20.9479','1.0783','10000','0','0','8844','10480','0','0'),
('1049984','18681','530','1','1','0','0','-571.935','5843.7','20.6883','2.20535','10000','0','0','8844','10480','0','0'),
('1049983','18681','530','1','1','0','0','584.75','6228.38','21.2474','3.5893','10000','0','0','8844','10480','0','0'),
-- Bog Lurker
('0086744','18682','530','1','1','0','0','-529.798','6443.21','24.4159','4.78858','10000','15','0','8844','2620','0','1'),
('0086745','18682','530','1','1','0','0','-1023.69','5095.25','21.6708','6.05307','10000','15','0','8844','2620','0','1'),
('0086746','18682','530','1','1','0','0','1110.56','7803.78','17.3751','3.41021','10000','15','0','8844','2620','0','1'),
-- Voidhunter Yar
('1049982','18683','530','1','1','0','0','-2362.95','8125.15','-42.5635','2.25961','10000','0','0','10466','11964','0','0'),
-- Bro'Gaz the Clanless
('1049981','18684','530','1','1','0','0','-1994.56','7584.11','-91.8271','2.32559','10000','0','0','9784','5692','0','0'),
('1049980','18684','530','1','1','0','0','-2663.65','6653.24','2.45032','2.06683','10000','0','0','9784','5692','0','0'),
('1049979','18684','530','1','1','0','0','-1141.31','8627.46','42.0754','5.2419','10000','0','0','9784','5692','0','0'),
-- Okrek
('0085382','18685','530','1','1','0','0','-1633.09','4416.39','52.1155','5.98654','10000','0','0','9144','13525','0','0'),
('0085405','18685','530','1','1','0','0','-2564.99','5437.01','28.0524','3.10727','10000','0','0','9144','13525','0','0'),
('0085564','18685','530','1','1','0','0','-1843.55','3958.17','46.5491','4.04581','10000','0','0','9144','13525','0','0'),
('0085565','18685','530','1','1','0','0','-3551.84','3999.6','93.7046','5.20977','10000','0','0','9144','13525','0','0'),
-- Doomsayer Jurim (needs 2 extra spawnpointes & waypoints paths)
('1049978','18686','530','1','1','0','0','-2162.14','4098.5','4.18649','3.97642','10000','0','0','9144','13525','0','2'),
-- Crippler (needs 2 extra spawnpointes & waypoints paths)
('1049977','18689','530','1','1','0','0','-3163.2','5141.31','-37.4568','5.6141','10000','0','0','11828','0','0','2'),
-- Morcrush
('0066948','18690','530','1','1','0','0','1915.66','5150.16','265.69','1.07605','10000','0','0','15130','0','0','0'),
('1049976','18690','530','1','1','0','0','3656.69','5351','-20.4074','1.53943','10000','0','0','15130','0','0','0'),
('1049975','18690','530','1','1','0','0','2747.42','5067','268.545','0.353484','10000','0','0','15130','0','0','0'),
-- Hemathion
('1049974','18692','530','1','1','0','0','2654.8','7176.13','364.52','3.67256','10000','0','0','13084','0','0','0'),
('1049973','18692','530','1','1','0','0','1834.15','7267.27','364.443','4.81141','10000','0','0','13084','0','0','0'),
-- Speaker Mar'grom
('1049972','18693','530','1','1','0','0','2659.31','6456.02','37.7625','5.5952','10000','0','0','10466','8973','0','0'),
('1049971','18693','530','1','1','0','0','1491.04','6373.82','35.1623','2.08998','10000','0','0','10466','8973','0','0'),
('1049970','18693','530','1','1','0','0','3570.98','5418.4','35.0215','1.46358','10000','0','0','10466','8973','0','0'),
('1049969','18693','530','1','1','0','0','3563.07','5800.04','36.6761','4.16536','10000','0','0','10466','8973','0','0'),
-- Collidus the Warp-Watcher
('0001007','18694','530','1','1','0','0','-4058.48','730.852','0.618181','5.42156','10000','0','0','13130','0','0','0'),
('1049968','18694','530','1','1','0','0','-3543.35','2050.71','67.492','2.89043','10000','0','0','13130','0','0','0'),
('1049967','18694','530','1','1','0','0','-2934.9','557.749','-11.7911','5.79335','10000','0','0','13130','0','0','0'),
-- Ambassador Jerrikar <Servant of Illidan>
('1049965','18695','530','1','1','0','0','-4231.92','305.667','122.65','2.00995','10000','0','0','13522','0','0','0'),
('1049964','18695','530','1','1','0','0','-3741.72','1125.21','80.0429','0.804246','10000','0','0','13522','0','0','0'),
('1049963','18695','530','1','1','0','0','-3102.65','1614.34','55.999','0.384209','10000','0','0','13522','0','0','0'),
('1049962','18695','530','1','1','0','0','-3835.44','2701.13','101.687','0.493383','10000','0','0','13522','0','0','0'),
('1049961','18695','530','1','1','0','0','-4467.41','1769.74','158.957','2.98212','10000','0','0','13522','0','0','0'),
-- Kraator
('78222','18696','530','1','1','0','0','-4428.79','1879.54','159.279','3.89207','10000','0','0','13130','0','0','0'),
('1049960','18696','530','1','1','0','0','-2396.1','1756.14','6.28513','6.01835','10000','0','0','13130','0','0','0'),
('1049959','18696','530','1','1','0','0','-3977.48','2528.62','158.686','0.670103','10000','0','0','13130','0','0','0'),
('1049958','18696','530','1','1','0','0','-3439.41','2080.79','81.5106','4.24916','10000','0','0','13130','0','0','0'),
('1049957','18696','530','1','1','0','0','-3697.48','1114.94','64.0191','4.19874','10000','0','0','13130','0','0','0'),
-- Chief Engineer Lorthander
('1049956','18697','530','1','1','0','0','4021.88','3973.41','194.222','1.86966','10000','0','0','10818','15400','0','0'),
('1049955','18697','530','1','1','0','0','2444.48','2617.89','134.322','1.59218','10000','0','0','10818','15400','0','0'),
('1049954','18697','530','1','1','0','0','3102.47','2280.57','149.931','2.37521','10000','0','0','10818','15400','0','0'),
('1049953','18697','530','1','1','0','0','3022.94','4093.43','150.827','4.57062','10000','0','0','10818','15400','0','0'),
-- Nuramoc
('0086860','20932','530','1','1','0','0','3280.81','1907.83','133.229','1.89858','10000','0','0','13790','0','0','2'),
('1049948','20932','530','1','1','0','0','4441.34','3235.86','144.408','3.88346','10000','0','0','13790','0','0','0'),
('1049947','20932','530','1','1','0','0','2711.85','3041.62','125.863','3.50384','10000','0','0','13790','0','0','0');


DELETE FROM creature_movement WHERE id IN (SELECT guid FROM creature WHERE id IN (18678, 18677, 18679, 18682, 18681, 18680, 18689, 18686, 18685, 18684, 17144, 18683, 18692, 18690, 18693, 18697, 20932, 18695, 18694, 18696));
INSERT INTO creature_movement VALUES
-- Nuramoc
(86860, 1, 3250.51, 1961.25, 132.385, 1, 0, 0, 0, 0, 0, 0, 0, 0, 0, 0, 0, 0),
(86860, 2, 3228.29, 2001.11, 138.882, 1, 0, 0, 0, 0, 0, 0, 0, 0, 0, 0, 0, 0),
(86860, 3, 3235.93, 2084.18, 135.385, 1, 0, 0, 0, 0, 0, 0, 0, 0, 0, 0, 0, 0),
(86860, 4, 3239.06, 2128.28, 137.825, 1, 0, 0, 0, 0, 0, 0, 0, 0, 0, 0, 0, 0),
(86860, 5, 3207.12, 2151.5, 136.752, 1, 0, 0, 0, 0, 0, 0, 0, 0, 0, 0, 0, 0),
(86860, 6, 3213.69, 2229.01, 138.009, 1, 0, 0, 0, 0, 0, 0, 0, 0, 0, 0, 0, 0),
(86860, 7, 3231.47, 2305.03, 124.795, 1, 0, 0, 0, 0, 0, 0, 0, 0, 0, 0, 0, 0),
(86860, 8, 3231.7, 2393.11, 103.663, 1, 0, 0, 0, 0, 0, 0, 0, 0, 0, 0, 0, 0),
(86860, 9, 3269.73, 2434.75, 74.4029, 1, 0, 0, 0, 0, 0, 0, 0, 0, 0, 0, 0, 0),
(86860, 10, 3332.71, 2467.68, 85.8992, 1, 0, 0, 0, 0, 0, 0, 0, 0, 0, 0, 0, 0),
(86860, 11, 3384.93, 2532.03, 110.799, 1, 0, 0, 0, 0, 0, 0, 0, 0, 0, 0, 0, 0),
(86860, 12, 3438.84, 2578.09, 142.708, 1, 0, 0, 0, 0, 0, 0, 0, 0, 0, 0, 0, 0),
(86860, 13, 3342.11, 2593.94, 188.744, 1, 0, 0, 0, 0, 0, 0, 0, 0, 0, 0, 0, 0),
(86860, 14, 3214.78, 2476.76, 98.5975, 1, 0, 0, 0, 0, 0, 0, 0, 0, 0, 0, 0, 0),
(86860, 15, 3258.1, 2439.65, 112.365, 1, 0, 0, 0, 0, 0, 0, 0, 0, 0, 0, 0, 0),
(86860, 16, 3305.8, 2397.5, 135.329, 1, 0, 0, 0, 0, 0, 0, 0, 0, 0, 0, 0, 0),
(86860, 17, 3379.15, 2306.53, 96.941, 1, 0, 0, 0, 0, 0, 0, 0, 0, 0, 0, 0, 0),
(86860, 18, 3302.31, 2171.94, 123.625, 1, 0, 0, 0, 0, 0, 0, 0, 0, 0, 0, 0, 0),
(86860, 19, 3274.61, 2098.45, 115.694, 1, 0, 0, 0, 0, 0, 0, 0, 0, 0, 0, 0, 0),
(86860, 20, 3180.44, 1989.87, 164.138, 1, 0, 0, 0, 0, 0, 0, 0, 0, 0, 0, 0, 0),
(86860, 21, 3160.3, 1887, 152.491, 1, 0, 0, 0, 0, 0, 0, 0, 0, 0, 0, 0, 0),
(86860, 22, 3152.02, 1758.62, 160.324, 1, 0, 0, 0, 0, 0, 0, 0, 0, 0, 0, 0, 0),
(86860, 23, 3155.54, 1702.77, 140.429, 1, 0, 0, 0, 0, 0, 0, 0, 0, 0, 0, 0, 0),
(86860, 24, 3255.68, 1751.95, 124.196, 1, 0, 0, 0, 0, 0, 0, 0, 0, 0, 0, 0, 0),
(86860, 25, 3290.94, 1785.01, 139.078, 1, 0, 0, 0, 0, 0, 0, 0, 0, 0, 0, 0, 0),
(86860, 26, 3301.79, 1853.55, 131.618, 1, 0, 0, 0, 0, 0, 0, 0, 0, 0, 0, 0, 0),
(86860, 27, 3283.64, 1905.23, 124.957, 1, 0, 0, 0, 0, 0, 0, 0, 0, 0, 0, 0, 0),
(86860, 28, 3280.69, 1911.33, 120.78, 1, 0, 0, 0, 0, 0, 0, 0, 0, 0, 0, 0, 0),
(1049977, 1, -3163.84, 5141.82, -37.4568, 0, 0, 0, 0, 0, 0, 0, 0, 0, 0, 5.40713, 0, 0),
(1049977, 2, -3154.79, 5134.66, -37.4565, 0, 0, 0, 0, 0, 0, 0, 0, 0, 0, 5.30896, 0, 0),
(1049977, 3, -3140.75, 5117.9, -50.6461, 0, 0, 0, 0, 0, 0, 0, 0, 0, 0, 5.50138, 0, 0),
(1049977, 4, -3133.7, 5110.46, -50.9479, 0, 0, 0, 0, 0, 0, 0, 0, 0, 0, 3.50018, 0, 0),
(1049977, 5, -3148.98, 5092.91, -50.94, 0, 0, 0, 0, 0, 0, 0, 0, 0, 0, 3.91644, 0, 0),
(1049977, 6, -3164.14, 5077.02, -63.5328, 0, 0, 0, 0, 0, 0, 0, 0, 0, 0, 3.95179, 0, 0),
(1049977, 7, -3171.55, 5069.99, -63.5328, 0, 0, 0, 0, 0, 0, 0, 0, 0, 0, 3.90074, 0, 0),
(1049977, 8, -3179.43, 5077.9, -63.5364, 0, 0, 0, 0, 0, 0, 0, 0, 0, 0, 2.38099, 0, 0),
(1049977, 9, -3194.27, 5092.7, -74.008, 0, 0, 0, 0, 0, 0, 0, 0, 0, 0, 2.36136, 0, 0),
(1049977, 10, -3210.36, 5109.07, -74.7687, 0, 0, 0, 0, 0, 0, 0, 0, 0, 0, 2.36528, 0, 0),
(1049977, 11, -3226.1, 5126.78, -63.5355, 0, 0, 0, 0, 0, 0, 0, 0, 0, 0, 2.3967, 0, 0),
(1049977, 12, -3232.63, 5132.75, -63.5353, 0, 0, 0, 0, 0, 0, 0, 0, 0, 0, 2.40062, 0, 0),
(1049977, 13, -3227.2, 5138.55, -63.5347, 0, 0, 0, 0, 0, 0, 0, 0, 0, 0, 0.818047, 0, 0),
(1049977, 14, -3213.4, 5153.76, -51.4618, 0, 0, 0, 0, 0, 0, 0, 0, 0, 0, 0.861244, 0, 0),
(1049977, 15, -3200.28, 5168.93, -50.9451, 0, 0, 0, 0, 0, 0, 0, 0, 0, 0, 0.853425, 0, 0),
(1049977, 16, -3192.14, 5164.34, -50.9451, 0, 0, 0, 0, 0, 0, 0, 0, 0, 0, 5.77002, 0, 0),
(1049977, 17, -3172.85, 5147.43, -37.4559, 0, 0, 0, 0, 0, 0, 0, 0, 0, 0, 5.60116, 0, 0),
(1049993, 1, -2162.14, 4098.5, 4.18649, 0, 0, 0, 0, 0, 0, 0, 0, 0, 0, 3.97642, 0, 0),
(1049993, 2, -2183.64, 4070.88, 1.63106, 0, 0, 0, 0, 0, 0, 0, 0, 0, 0, 4.05103, 0, 0),
(1049993, 3, -2186.18, 4055.24, 1.14831, 0, 0, 0, 0, 0, 0, 0, 0, 0, 0, 4.60553, 0, 0),
(1049993, 4, -2176.39, 4032.02, 0.549299, 0, 0, 0, 0, 0, 0, 0, 0, 0, 0, 5.11211, 0, 0),
(1049993, 5, -2169.5, 4015.71, 0.457353, 0, 0, 0, 0, 0, 0, 0, 0, 0, 0, 4.60945, 0, 0),
(1049993, 6, -2173.43, 3977.65, 0.94312, 0, 0, 0, 0, 0, 0, 0, 0, 0, 0, 4.60945, 0, 0),
(1049993, 7, -2187.68, 3959.78, 0.929479, 0, 0, 0, 0, 0, 0, 0, 0, 0, 0, 4.04004, 0, 0),
(1049993, 8, -2215.13, 3933.84, 0.561568, 0, 0, 0, 0, 0, 0, 0, 0, 0, 0, 3.89867, 0, 0),
(1049993, 9, -2232.42, 3917.5, 0.682935, 0, 0, 0, 0, 0, 0, 0, 0, 0, 0, 3.92223, 0, 0),
(1049993, 10, -2242.96, 3891.67, 1.59756, 0, 0, 0, 0, 0, 0, 0, 0, 0, 0, 4.34634, 0, 0),
(1049993, 11, -2249.77, 3867.01, 2.49244, 0, 0, 0, 0, 0, 0, 0, 0, 0, 0, 4.5152, 0, 0),
(1049993, 12, -2245.26, 3898.79, 1.48484, 0, 0, 0, 0, 0, 0, 0, 0, 0, 0, 1.01625, 0, 0),
(1049993, 13, -2222.62, 3928.41, 0.669724, 0, 0, 0, 0, 0, 0, 0, 0, 0, 0, 0.886663, 0, 0),
(1049993, 14, -2189.47, 3959.04, 0.854091, 0, 0, 0, 0, 0, 0, 0, 0, 0, 0, 0.698167, 0, 0),
(1049993, 15, -2174.18, 3981.32, 0.87265, 0, 0, 0, 0, 0, 0, 0, 0, 0, 0, 0.96913, 0, 0),
(1049993, 16, -2170.17, 4007.12, 0.377779, 0, 0, 0, 0, 0, 0, 0, 0, 0, 0, 1.41681, 0, 0),
(1049993, 17, -2187.93, 4057.75, 1.20717, 0, 0, 0, 0, 0, 0, 0, 0, 0, 0, 1.90768, 0, 0);

DELETE FROM pool_creature WHERE pool_entry BETWEEN 10000 AND 10017;
INSERT INTO pool_creature VALUES
(1049999,10000,0,'Rare Outlands: Goretooth'),
(1049998,10000,0,'Rare Outlands: Goretooth'),
(1049997,10000,0,'Rare Outlands: Goretooth'),
(1049996,10000,0,'Rare Outlands: Goretooth'),

(1049995,10001,0,'Rare Outlands: Mekthorg the Wild'),
(1049994,10001,0,'Rare Outlands: Mekthorg the Wild'),

(1049993,10002,0,'Rare Outlands: Fulgorge'),
(1049992,10002,0,'Rare Outlands: Fulgorge'),

(1049991,10003,0,'Rare Outlands: Vorakem Doomspeaker'),
(1049990,10003,0,'Rare Outlands: Vorakem Doomspeaker'),
(1049989,10003,0,'Rare Outlands: Vorakem Doomspeaker'),

(66945,10004,0,'Rare Outlands: Marticar'),
(1049987,10004,0,'Rare Outlands: Marticar'),
(1049986,10004,0,'Rare Outlands: Marticar'),

(10994,10005,0,'Rare Outlands: Coilfang Emissary'),
(1049985,10005,0,'Rare Outlands: Coilfang Emissary'),
(1049984,10005,0,'Rare Outlands: Coilfang Emissary'),
(1049983,10005,0,'Rare Outlands: Coilfang Emissary'),

(0086744,10006,0,'Rare Outlands: Bog Lurker'),
(0086745,10006,0,'Rare Outlands: Bog Lurker'),
(0086746,10006,0,'Rare Outlands: Bog Lurker'),

(1049981,10007,0,'Rare Outlands: Bro\'Gaz the Clanless'),
(1049980,10007,0,'Rare Outlands: Bro\'Gaz the Clanless'),
(1049979,10007,0,'Rare Outlands: Bro\'Gaz the Clanless'),

(85382,10008,0,'Rare Outlands: Okrek'),
(85405,10008,0,'Rare Outlands: Okrek'),
(85564,10008,0,'Rare Outlands: Okrek'),
(85565,10008,0,'Rare Outlands: Okrek'),

(66948,10009,0,'Rare Outlands: Morcrush'),
(1049976,10009,0,'Rare Outlands: Morcrush'),
(1049975,10009,0,'Rare Outlands: Morcrush'),

(1049974,10010,0,'Rare Outlands: Hemathion'),
(1049973,10010,0,'Rare Outlands: Hemathion'),

(1049972,10011,0,'Rare Outlands: Speaker Mar\'grom'),
(1049971,10011,0,'Rare Outlands: Speaker Mar\'grom'),
(1049970,10011,0,'Rare Outlands: Speaker Mar\'grom'),
(1049969,10011,0,'Rare Outlands: Speaker Mar\'grom'),

(1007,10012,0,'Rare Outlands: Collidus the Warp-Watcher'),
(1049968,10012,0,'Rare Outlands: Collidus the Warp-Watcher'),
(1049967,10012,0,'Rare Outlands: Collidus the Warp-Watcher'),

(1049965,10013,0,'Rare Outlands: Ambassador Jerrikar'),
(1049964,10013,0,'Rare Outlands: Ambassador Jerrikar'),
(1049963,10013,0,'Rare Outlands: Ambassador Jerrikar'),
(1049962,10013,0,'Rare Outlands: Ambassador Jerrikar'),
(1049961,10013,0,'Rare Outlands: Ambassador Jerrikar'),

(78222,10014,0,'Rare Outlands: Kraator'),
(1049960,10014,0,'Rare Outlands: Kraator'),
(1049959,10014,0,'Rare Outlands: Kraator'),
(1049958,10014,0,'Rare Outlands: Kraator'),
(1049957,10014,0,'Rare Outlands: Kraator'),

(1049956,10015,0,'Rare Outlands: Chief Engineer Lorthander'),
(1049955,10015,0,'Rare Outlands: Chief Engineer Lorthander'),
(1049954,10015,0,'Rare Outlands: Chief Engineer Lorthander'),
(1049953,10015,0,'Rare Outlands: Chief Engineer Lorthander'),

(1049952,10016,0,'Rare Outlands: Ever-Core the Punisher'),
(1049951,10016,0,'Rare Outlands: Ever-Core the Punisher'),
(1049949,10016,0,'Rare Outlands: Ever-Core the Punisher'),

(86860,10017,0,'Rare Outlands: Nuramoc'),
(1049948,10017,0,'Rare Outlands: Nuramoc'),
(1049947,10017,0,'Rare Outlands: Nuramoc');

DELETE FROM pool_template WHERE entry BETWEEN 10000 AND 10017;
INSERT INTO pool_template VALUES
(10000,1,'Rare Outlands: Goretooth'),
(10001,1,'Rare Outlands: Mekthorg the Wild'),
(10002,1,'Rare Outlands: Fulgorge'),
(10003,1,'Rare Outlands: Vorakem Doomspeaker'),
(10004,1,'Rare Outlands: Marticar'),
(10005,1,'Rare Outlands: Coilfang Emissary'),
(10006,1,'Rare Outlands: Bog Lurker'),
(10007,1,'Rare Outlands: Bro\'Gaz the Clanless'),
(10008,1,'Rare Outlands: Okrek'),
(10009,1,'Rare Outlands: Morcrush'),
(10010,1,'Rare Outlands: Hemathion'),
(10011,1,'Rare Outlands: Speaker Mar\'grom'),
(10012,1,'Rare Outlands: Collidus the Warp-Watcher'),
(10013,1,'Rare Outlands: Ambassador Jerrikar'),
(10014,1,'Rare Outlands: Kraator'),
(10015,1,'Rare Outlands: Chief Engineer Lorthander'),
(10016,1,'Rare Outlands: Ever-Core the Punisher'),
(10017,1,'Rare Outlands: Nuramoc');

